Workbook

Sheet Review Test Cases
A1: PRACTICAL 3 — REQUIREMENT REVIEW & INSPECTION TEST SUITE
A2: Static Testing — Requirement Review, Inspection, Validation, Traceability & Coverage — Login Module, practice.expandtesting.com
A3: Application Under Review: | D3: Expand Testing — Practice Login Page (https://practice.expandtesting.com/login)
A4: Review Scope: | D4: Login Module — reconstructed requirements R001–R007 (no formal SRS supplied by the source application)
A5: Prepared By: | D5: Abhishek
A6: Review Technique: | D6: Static Testing — Requirement Review, Formal Inspection, Requirement Validation, Traceability & Coverage Audit
A7: Baseline Source: | D7: Practical 3 Requirement Review, Structured Walkthrough, Formal Inspection & Peer Review (prior artifact)
A8: Cross-Referenced Artifact: | D8: Practical2_TestCases.xlsx — 30 executed Login test cases (TC_LOGIN_01–TC_LOGIN_30)
A9: Date: | D9: 28-Jul-2026
A11: Review Case ID | B11: Requirement ID | C11: Review Category | D11: Priority | E11: Severity | F11: Review Criteria Checked | G11: Artifact / Input Reviewed | H11: Review Steps | I11: Expected Result | J11: Actual Finding | K11: Status | L11: Reviewer Type | M11: Remarks
A12: RR_01 | B12: R001 | C12: Requirement Review | D12: High | E12: Low | F12: Completeness, Testability | G12: Reconstructed statement: 'The system shall authenticate a user and redirect to the secure area when the correct username and password are submitted.' | H12: 1. Read the requirement statement in isolation 2. Check it states a single, unambiguous outcome 3. Check it is directly verifiable by one test case | I12: Requirement is complete, has one clear outcome, and is directly testable without needing clarification | J12: Requirement is clear and single-outcome; maps cleanly to one test case (TC_LOGIN_01) with no ambiguity | K12: Pass | L12: Primary Reviewer | M12: No action needed
A13: RR_02 | B13: R002 | C13: Requirement Review | D13: High | E13: Low | F13: Clarity | G13: Reconstructed statement: 'The system shall reject the login attempt and display an error message when the username does not match a known account.' | H13: 1. Read the requirement statement 2. Check the expected error condition is specific rather than generic 3. Check wording does not overlap with R003 | I13: Requirement clearly specifies a username-mismatch condition with a distinguishable error outcome | J13: Wording is specific; observed message 'Invalid username.' is field-specific and distinct from the password-failure case | K13: Pass | L13: Primary Reviewer | M13: No action needed
A14: RR_03 | B14: R003 | C14: Requirement Review | D14: High | E14: Low | F14: Clarity, Consistency | G14: Reconstructed statement: 'The system shall reject the login attempt and display an error message when the password does not match the given username.' | H14: 1. Read the requirement statement 2. Check wording is consistent in structure with R002 3. Verify the two requirements do not collapse into a single generic error condition | I14: Requirement is worded consistently with R002 and preserves a distinct, field-specific outcome | J14: Wording mirrors R002's structure; observed message 'Invalid password.' remains distinct, avoiding a generic combined error | K14: Pass | L14: Primary Reviewer | M14: No action needed
A15: RR_04 | B15: R004 | C15: Requirement Review | D15: High | E15: High | F15: Completeness | G15: Inferred behaviour only: direct navigation to /secure while unauthenticated appears to be blocked, but no requirement statement documents this | H15: 1. Search for a documented requirement covering protected-route access control 2. If none exists, confirm the behaviour is only inferable through manual exploration 3. Record as a completeness gap | I15: A requirement statement should exist defining that unauthenticated users must be denied access to /secure | J15: No such requirement statement exists anywhere in the available documentation; the protective behaviour was found only by direct manual exploration | K15: Fail | L15: Primary Reviewer | M15: Completeness gap — logged as RVW-GAP-01; recommend authoring an explicit R004 requirement statement
A16: RR_05 | B16: R005 | C16: Requirement Review | D16: Medium | E16: Low | F16: Completeness, Testability | G16: Reconstructed statement: 'The system shall provide a mechanism to end an authenticated session (Logout).' | H16: 1. Read the requirement statement 2. Confirm the Logout mechanism is observable and reachable from the authenticated state 3. Confirm the requirement is directly testable | I16: Requirement clearly describes an observable, testable session-termination mechanism | J16: Logout control is reachable from /secure and its behaviour (return to /login) is directly observable and testable | K16: Pass | L16: Primary Reviewer | M16: No action needed
A17: RR_06 | B17: R006 | C17: Requirement Review | D17: Medium | E17: High | F17: Completeness, Testability | G17: Inferred behaviour only: no documented policy for repeated failed login attempts | H17: 1. Search for a documented account-lockout or complexity policy 2. If none exists, attempt repeated failed logins to see if any policy manifests behaviourally 3. Record as a completeness gap if neither exists | I17: A requirement statement should exist defining any lockout, throttling, or complexity policy — including an explicit statement that no such policy applies, if that is the design intent | J17: No documented policy exists and no lockout/throttling behaviour was observed after repeated failed attempts (consistent with Practical 2, TC_LOGIN_23); the requirement is effectively undefined rather than deliberately 'none' | K17: Fail | L17: Primary Reviewer | M17: Completeness gap — logged as RVW-GAP-02; recommend an explicit statement, even if the decision is 'no lockout for this practice environment'
A18: RR_07 | B18: R007 | C18: Requirement Review | D18: Medium | E18: Medium | F18: Clarity | G18: Reconstructed statement: 'The system shall treat the username field consistently with respect to case sensitivity.' | H18: 1. Read the requirement statement 2. Search for any documentation stating whether username matching is case-sensitive or case-insensitive 3. Cross-check against Practical 2, TC_LOGIN_04 behavioural finding | I18: Requirement should state explicitly whether username comparison is case-sensitive or case-insensitive | J18: No statement of case-sensitivity exists anywhere; behaviour was only established empirically in Practical 2 (TC_LOGIN_04 confirmed case-sensitive matching), which a requirement reviewer should not need to reverse-engineer | K18: Fail | L18: Primary Reviewer | M18: Ambiguity — logged as RVW-AMB-01; requirement wording does not commit to an explicit rule
A19: INSP_01 | B19: R001 | C19: Requirement Inspection | D19: High | E19: Low | F19: Is a success condition defined and observable for the primary login flow? | G19: Formal authentication-module inspection checklist, Item 1 | H19: 1. Apply checklist Item 1 against R001 2. Confirm a success condition is both stated and independently observable | I19: Checklist item scores Pass — success condition is explicit and observable | J19: R001 confirmed via redirect to /secure plus a visible success message; checklist item scores Pass | K19: Pass | L19: Formal Inspector (Checklist-Driven) | M19: -
A20: INSP_02 | B20: R002 / R003 | C20: Requirement Inspection | D20: High | E20: Low | F20: Is a distinct failure condition defined for each type of invalid input (username vs password)? | G20: Formal authentication-module inspection checklist, Item 2 | H20: 1. Apply checklist Item 2 against R002 and R003 jointly 2. Confirm the two failure conditions remain distinguishable rather than collapsing into one generic message | I20: Checklist item scores Pass — field-specific failure conditions are defined for both cases | J20: Confirms R002/R003; messages are field-specific ('Invalid username.' vs 'Invalid password.'); checklist item scores Pass | K20: Pass | L20: Formal Inspector (Checklist-Driven) | M20: -
A21: INSP_03 | B21: R004 | C21: Requirement Inspection | D21: High | E21: High | F21: Is unauthorized access to protected resources explicitly prevented and documented? | G21: Formal authentication-module inspection checklist, Item 3 | H21: 1. Apply checklist Item 3 against R004 2. Separate the behavioural question (is access actually blocked?) from the documentation question (is it written down?) | I21: Checklist item scores Pass only if both the behaviour is protective and a requirement documents it | J21: Behaviour observed as protective, but no explicit requirement exists for a reviewer to check it against; checklist item scores Fail on documentation grounds despite sound behaviour | K21: Fail | L21: Formal Inspector (Checklist-Driven) | M21: Documentation-only Fail, not a functional defect — logged as RVW-GAP-01 (same root cause as RR_04)
A22: INSP_04 | B22: R006 | C22: Requirement Inspection | D22: Medium | E22: High | F22: Is an account-lockout or rate-limiting policy defined for repeated failed attempts? | G22: Formal authentication-module inspection checklist, Item 4 | H22: 1. Apply checklist Item 4 against R006 2. Confirm whether any policy — defined or explicitly 'none' — is documented | I22: Checklist item scores Pass if a policy (including a documented 'no lockout' decision) exists | J22: No policy found in any form; checklist item scores Fail — acceptable outcome for a practice sandbox, but the absence should still be a documented decision | K22: Fail | L22: Formal Inspector (Checklist-Driven) | M22: Same root cause as RR_06 (RVW-GAP-02)
... A41: AC_03 | B41: N/A — Process-Level | C41: Acceptance Criteria | D41: Low | E41: Low | F41: Existence of documented exit criteria / Definition of Done for closing this review cycle | G41: This review's own findings (RR_01–RR_07, INSP_01–INSP_08) and the Practical 2 Test Plan | H41: 1. Check whether any document states what must happen before the Fail/Partial items from this review are considered resolved 2. Confirm whether a re-review or sign-off step is defined | I41: A stated exit criterion (e.g. 'all Fail-status review items must be converted to documented, Pass-status requirements before the next release') should exist | J41: No formal exit criteria or Definition of Done is documented for this review cycle; closure currently relies on this report's Recommendations section rather than a binding process gate | K41: Fail | L41: Primary Reviewer | M41: Process gap — logged as RVW-GAP-06; recommend the QA Lead formally adopt the Recommendations in Section 10 of the Test Report as binding exit criteria

Sheet Summary
A1: PRACTICAL 3 — REVIEW EXECUTION SUMMARY
A3: Application: | B3: practice.expandtesting.com/login (Login Module)
A4: Total Review Cases: | B4: =COUNTA('Review Test Cases'!A12:A41) -> 30
A5: Status | B5: Count | C5: % of Total
A6: Pass | B6: =COUNTIF('Review Test Cases'!K12:K41,A6) -> 11 | C6: =IFERROR(B6/$B$4,0) -> 0.36666667
A7: Fail | B7: =COUNTIF('Review Test Cases'!K12:K41,A7) -> 15 | C7: =IFERROR(B7/$B$4,0) -> 0.5
A8: Partial | B8: =COUNTIF('Review Test Cases'!K12:K41,A8) -> 4 | C8: =IFERROR(B8/$B$4,0) -> 0.13333333
A10: Review Category | B10: Total | C10: Pass | D10: Fail | E10: Partial
A11: Requirement Review | B11: =COUNTIF('Review Test Cases'!C12:C41,A11) -> 7 | C11: =COUNTIFS('Review Test Cases'!C12:C41,A11,'Review Test Cases'!K12:K41,"Pass") -> 4 | D11: =COUNTIFS('Review Test Cases'!C12:C41,A11,'Review Test Cases'!K12:K41,"Fail") -> 3 | E11: =COUNTIFS('Review Test Cases'!C12:C41,A11,'Review Test Cases'!K12:K41,"Partial") -> 0
A12: Requirement Inspection | B12: =COUNTIF('Review Test Cases'!C12:C41,A12) -> 8 | C12: =COUNTIFS('Review Test Cases'!C12:C41,A12,'Review Test Cases'!K12:K41,"Pass") -> 3 | D12: =COUNTIFS('Review Test Cases'!C12:C41,A12,'Review Test Cases'!K12:K41,"Fail") -> 3 | E12: =COUNTIFS('Review Test Cases'!C12:C41,A12,'Review Test Cases'!K12:K41,"Partial") -> 2
A13: Requirement Validation | B13: =COUNTIF('Review Test Cases'!C12:C41,A13) -> 2 | C13: =COUNTIFS('Review Test Cases'!C12:C41,A13,'Review Test Cases'!K12:K41,"Pass") -> 1 | D13: =COUNTIFS('Review Test Cases'!C12:C41,A13,'Review Test Cases'!K12:K41,"Fail") -> 1 | E13: =COUNTIFS('Review Test Cases'!C12:C41,A13,'Review Test Cases'!K12:K41,"Partial") -> 0
A14: Requirement Traceability | B14: =COUNTIF('Review Test Cases'!C12:C41,A14) -> 2 | C14: =COUNTIFS('Review Test Cases'!C12:C41,A14,'Review Test Cases'!K12:K41,"Pass") -> 1 | D14: =COUNTIFS('Review Test Cases'!C12:C41,A14,'Review Test Cases'!K12:K41,"Fail") -> 0 | E14: =COUNTIFS('Review Test Cases'!C12:C41,A14,'Review Test Cases'!K12:K41,"Partial") -> 1
A15: Coverage Verification | B15: =COUNTIF('Review Test Cases'!C12:C41,A15) -> 2 | C15: =COUNTIFS('Review Test Cases'!C12:C41,A15,'Review Test Cases'!K12:K41,"Pass") -> 1 | D15: =COUNTIFS('Review Test Cases'!C12:C41,A15,'Review Test Cases'!K12:K41,"Fail") -> 1 | E15: =COUNTIFS('Review Test Cases'!C12:C41,A15,'Review Test Cases'!K12:K41,"Partial") -> 0
A16: Missing Requirements | B16: =COUNTIF('Review Test Cases'!C12:C41,A16) -> 3 | C16: =COUNTIFS('Review Test Cases'!C12:C41,A16,'Review Test Cases'!K12:K41,"Pass") -> 0 | D16: =COUNTIFS('Review Test Cases'!C12:C41,A16,'Review Test Cases'!K12:K41,"Fail") -> 3 | E16: =COUNTIFS('Review Test Cases'!C12:C41,A16,'Review Test Cases'!K12:K41,"Partial") -> 0
A17: Ambiguous Requirements | B17: =COUNTIF('Review Test Cases'!C12:C41,A17) -> 3 | C17: =COUNTIFS('Review Test Cases'!C12:C41,A17,'Review Test Cases'!K12:K41,"Pass") -> 0 | D17: =COUNTIFS('Review Test Cases'!C12:C41,A17,'Review Test Cases'!K12:K41,"Fail") -> 2 | E17: =COUNTIFS('Review Test Cases'!C12:C41,A17,'Review Test Cases'!K12:K41,"Partial") -> 1
A18: Acceptance Criteria | B18: =COUNTIF('Review Test Cases'!C12:C41,A18) -> 3 | C18: =COUNTIFS('Review Test Cases'!C12:C41,A18,'Review Test Cases'!K12:K41,"Pass") -> 1 | D18: =COUNTIFS('Review Test Cases'!C12:C41,A18,'Review Test Cases'!K12:K41,"Fail") -> 2 | E18: =COUNTIFS('Review Test Cases'!C12:C41,A18,'Review Test Cases'!K12:K41,"Partial") -> 0
