Workbook

Sheet Test Cases
A1: PRACTICAL 1 — SOFTWARE TEST CASE DOCUMENT
A2: Website Functional, UI, Negative & Non-Functional Test Suite — jeksonvision.com
A3: Application Under Test: | D3: Jekson Vision — Corporate Website (https://jeksonvision.com)
A4: Module Scope: | D4: Homepage, Navigation, About, Products & Solutions, Contact, Footer, Cross-Cutting (Responsive / Cross-Browser / Accessibility / Performance)
A5: Prepared By: | D5: Abhishek
A6: Test Design Technique: | D6: Black-Box — Equivalence Partitioning, Boundary Value Analysis, Error Guessing, Exploratory Testing
A7: Test Environment: | D7: Production (Live Website)
A8: Date: | D8: 28-Jul-2026
A10: Test Case ID | B10: Requirement ID | C10: Module | D10: Priority | E10: Severity | F10: Preconditions | G10: Test Data | H10: Steps | I10: Expected Result | J10: Actual Result | K10: Status | L10: Automation Status | M10: Remarks
A11: TC_HP_01 | B11: REQ-HP-01 | C11: Homepage | D11: High | E11: Medium | F11: Browser installed; stable internet connection; site is publicly reachable | G11: URL: https://jeksonvision.com | H11: 1. Launch browser 2. Navigate to https://jeksonvision.com 3. Wait for the page to fully load 4. Visually verify header, hero banner, 'Our Solutions', stats, blog and footer sections are present | I11: Homepage renders fully with header, hero banner carousel, Our Solutions section, Global Impact statistics, Knowledge Base section and footer, with no layout breakage | J11: All key sections rendered correctly; page loaded within acceptable time | K11: Pass | L11: Automated (Playwright) | M11: Baseline smoke test for the homepage
A12: TC_HP_02 | B12: REQ-HP-02 | C12: Homepage | D12: Medium | E12: Low | F12: Homepage is loaded and visible | G12: N/A — visual/timing observation | H12: 1. Load homepage 2. Observe hero banner area for at least 30 seconds 3. Confirm the banner auto-rotates through all 5 slides (Line Clearance, Track & Trace, Vision Inspection, REESMART/OEE, Product Digitization) | I12: Banner auto-rotates through all 5 slides, each displaying its own headline, sub-text and CTA button without stalling | J12: Banner rotated through all 5 slides as expected; no stalling observed | K12: Pass | L12: Manual | M12: Timing/animation behaviour is better suited to manual observation than assertion-based automation
A13: TC_HP_03 | B13: REQ-HP-03 | C13: Homepage | D13: High | E13: Medium | F13: Homepage is loaded | G13: CTA links: 'Read more' / 'Read More' on each of the 5 hero banner slides | H13: 1. Load homepage 2. Click 'Read more' on each hero banner slide in turn 3. Record the destination URL each CTA resolves to 4. Compare destination against the slide's stated topic | I13: Each CTA navigates to a dedicated page matching its slide topic (e.g. Line Clearance -> /line-clearance/, Track & Trace -> /track-trace/, Vision Inspection -> /vision-inspection/, REESMART -> /oee/) | J13: 4 of 5 CTAs resolved correctly. The 'Product Digitization' banner's 'Read More' link also points to /oee/, the same URL used by the REESMART banner, instead of a dedicated Product Digitization page | K13: Fail | L13: Automated (Playwright) | M13: Content/routing mismatch — Product Digitization CTA does not resolve to its own landing page; logged as BUG-HP-01
A14: TC_HP_04 | B14: REQ-HP-04 | C14: Homepage | D14: Medium | E14: Low | F14: Homepage is loaded | G14: N/A | H14: 1. Scroll to the 'Our Solutions' section 2. Verify all four cards — ReeView, REETRAK, ReeSmart, ReeSource — display a logo, tagline and a 'Learn More' link 3. Hover/click each 'Learn More' link | I14: All four solution cards display correct logo, tagline text and a functional 'Learn More' link that is clickable | J14: All four cards rendered correctly with functional links | K14: Pass | L14: Automated (Playwright) | M14: -
A15: TC_HP_05 | B15: REQ-HP-05 | C15: Homepage | D15: Low | E15: Low | F15: Homepage is loaded; About Us page is available for cross-check | G15: Homepage stats: 25+ Years, 10000+ Installations, 650+ Clients, 30+ Product Lines, 95+ Countries, 5+ Global Offices, 10+ Agents | H15: 1. Scroll to 'Global Impact and Industry Leadership' section on the homepage and record all statistic values 2. Open /about-us/ and record the equivalent statistics 3. Compare both sets of figures | I15: Statistic values are consistent across every page that publishes them | J15: Homepage lists 650+ Clients Worldwide and 5+ Global Offices; About Us lists 600+ Clients Worldwide and 7+ Global Offices for the same company. Figures do not reconcile | K15: Fail | L15: Manual | M15: Content-governance issue rather than a functional break; logged as BUG-HP-02 (recommend a single source of truth for company statistics)
A16: TC_NAV_01 | B16: REQ-NAV-01 | C16: Navigation | D16: High | E16: Medium | F16: Homepage or any inner page is loaded | G16: N/A | H16: 1. Hover/click the 'Company' menu item in the primary navigation 2. Verify all 7 sub-links are listed: About Us, Legacy, Careers, Jekson USA, Corporate, Team, Events 3. Click each link and confirm it loads the correct page | I16: 'Company' dropdown displays all 7 sub-links and each one navigates to its correct destination page without a 404 | J16: All 7 sub-links present and each navigated to the expected page | K16: Pass | L16: Automated (Playwright) | M16: -
A17: TC_NAV_02 | B17: REQ-NAV-02 | C17: Navigation | D17: High | E17: Medium | F17: Homepage or any inner page is loaded | G17: N/A | H17: 1. Hover/click 'Products & Solutions' in the primary navigation 2. Verify all 9 product links are listed: Track & Trace, Vision Inspection, L4/L5 Solutions, Line Clearance, Vial Inspection, Checkweigher, WRW, BiSmart 2.0, BPO Smart 3. Click each link and confirm correct destination | I17: 'Products & Solutions' dropdown displays all 9 links and each resolves to its correct dedicated product page | J17: All 9 links present and correctly routed | K17: Pass | L17: Automated (Playwright) | M17: -
A18: TC_NAV_03 | B18: REQ-NAV-03 | C18: Navigation | D18: Medium | E18: Medium | F18: Homepage, About Us and Contact Us pages are loaded | G18: Industries menu contents on Homepage vs. inner pages | H18: 1. Open homepage, expand 'Industries' menu, record all listed items 2. Open /about-us/ and /contact-us/, expand 'Industries' menu on each, record all listed items 3. Compare the two lists | I18: The 'Industries' dropdown lists the same set of industries on every page of the site | J18: Homepage lists 7 industries including 'Bottle & Container Inspection'; the same menu on /about-us/ and /contact-us/ lists only 6 industries, omitting 'Bottle & Container Inspection' | K18: Fail | L18: Manual | M18: Menu is likely cached/rendered per-template and out of sync; logged as BUG-NAV-01
A19: TC_NAV_04 | B19: REQ-NAV-04 | C19: Navigation | D19: Low | E19: Low | F19: Any inner page (e.g. About Us) is loaded | G19: N/A | H19: 1. Navigate to an inner page, e.g. /about-us/ 2. Click the Jekson Vision logo in the header 3. Verify the browser redirects to the homepage | I19: Clicking the header logo from any inner page returns the user to the homepage (https://jeksonvision.com/) | J19: Logo click redirected correctly to the homepage from every inner page tested | K19: Pass | L19: Automated (Playwright) | M19: -
A20: TC_ABT_01 | B20: REQ-ABT-01 | C20: About Page | D20: High | E20: Medium | F20: N/A | G20: URL: https://jeksonvision.com/about-us/ | H20: 1. Navigate to /about-us/ 2. Verify the page loads with 'About Us' heading, Vision statement, Mission statement and 'What Sets Jekson Vision Apart' section | I20: About Us page loads completely with all listed content sections rendered, no missing images or broken layout | J20: Page loaded with all sections rendered correctly | K20: Pass | L20: Automated (Playwright) | M20: -
A21: TC_ABT_02 | B21: REQ-ABT-02 | C21: About Page | D21: Low | E21: Low | F21: About Us page is loaded | G21: 300+ Team members, 25+ Years of Experience, 7+ Global Offices, 600+ Clients, 95+ Countries, 10+ Agents | H21: 1. Scroll to 'Leading the Way in Inspection & Traceability' stats section 2. Verify each counter renders a non-zero numeric value with a '+' suffix and a label | I21: All 6 statistic counters display correctly formatted, non-zero values with matching labels | J21: All counters rendered correctly on this page in isolation (see TC_HP_05 for a cross-page consistency defect) | K21: Pass | L21: Automated (Playwright) | M21: Cross-referenced with TC_HP_05 for the homepage/about-us data mismatch
... A50: TC_PERF_01 | B50: REQ-PERF-01 | C50: Performance Observations | D50: High | E50: High | F50: Browser DevTools Console tab open | G50: Homepage initial load | H50: 1. Open DevTools Console tab 2. Load/refresh the homepage 3. Record all errors, warnings and informational messages logged during load | I50: Console remains free of uncaught JavaScript errors on homepage load, with warning volume within a reasonable range for a production WordPress site | J50: Console logged 1 uncaught ReferenceError, 2 HTTP 429 resource failures, and additional uncaught TypeErrors from null DOM references, alongside 100+ warnings and informational messages flagged in the Issues panel | K50: Fail | L50: Automated (Playwright + console listener) | M50: Cross-referenced with a dedicated JS Console Error Audit; logged as BUG-PERF-01 (High — active script errors affect functional reliability, not just code hygiene)

Sheet Summary
A1: PRACTICAL 1 — TEST EXECUTION SUMMARY
A3: Application: | B3: jeksonvision.com
A4: Total Test Cases: | B4: =COUNTA('Test Cases'!A11:A50) -> 40
A5: Status | B5: Count | C5: % of Total
A6: Pass | B6: =COUNTIF('Test Cases'!K11:K50,A6) -> 27 | C6: =IFERROR(B6/$B$4,0) -> 0.675
A7: Fail | B7: =COUNTIF('Test Cases'!K11:K50,A7) -> 10 | C7: =IFERROR(B7/$B$4,0) -> 0.25
A8: Blocked | B8: =COUNTIF('Test Cases'!K11:K50,A8) -> 3 | C8: =IFERROR(B8/$B$4,0) -> 0.075
A9: Not Executed | B9: =COUNTIF('Test Cases'!K11:K50,A9) -> 0 | C9: =IFERROR(B9/$B$4,0) -> 0
A10: Pass Rate (of Executed) | B10: =IFERROR(B6/(B6+B7),0) -> 0.72972973
A12: Module | B12: Total | C12: Pass | D12: Fail
A13: Homepage | B13: =COUNTIF('Test Cases'!C11:C50,A13) -> 5 | C13: =COUNTIFS('Test Cases'!C11:C50,A13,'Test Cases'!K11:K50,"Pass") -> 3 | D13: =COUNTIFS('Test Cases'!C11:C50,A13,'Test Cases'!K11:K50,"Fail") -> 2
A14: Navigation | B14: =COUNTIF('Test Cases'!C11:C50,A14) -> 4 | C14: =COUNTIFS('Test Cases'!C11:C50,A14,'Test Cases'!K11:K50,"Pass") -> 3 | D14: =COUNTIFS('Test Cases'!C11:C50,A14,'Test Cases'!K11:K50,"Fail") -> 1
A15: About Page | B15: =COUNTIF('Test Cases'!C11:C50,A15) -> 3 | C15: =COUNTIFS('Test Cases'!C11:C50,A15,'Test Cases'!K11:K50,"Pass") -> 3 | D15: =COUNTIFS('Test Cases'!C11:C50,A15,'Test Cases'!K11:K50,"Fail") -> 0
A16: Products/Solutions | B16: =COUNTIF('Test Cases'!C11:C50,A16) -> 4 | C16: =COUNTIFS('Test Cases'!C11:C50,A16,'Test Cases'!K11:K50,"Pass") -> 4 | D16: =COUNTIFS('Test Cases'!C11:C50,A16,'Test Cases'!K11:K50,"Fail") -> 0
A17: Contact Page | B17: =COUNTIF('Test Cases'!C11:C50,A17) -> 4 | C17: =COUNTIFS('Test Cases'!C11:C50,A17,'Test Cases'!K11:K50,"Pass") -> 3 | D17: =COUNTIFS('Test Cases'!C11:C50,A17,'Test Cases'!K11:K50,"Fail") -> 1
A18: Contact Form Validation | B18: =COUNTIF('Test Cases'!C11:C50,A18) -> 5 | C18: =COUNTIFS('Test Cases'!C11:C50,A18,'Test Cases'!K11:K50,"Pass") -> 4 | D18: =COUNTIFS('Test Cases'!C11:C50,A18,'Test Cases'!K11:K50,"Fail") -> 0
A19: Footer Links | B19: =COUNTIF('Test Cases'!C11:C50,A19) -> 3 | C19: =COUNTIFS('Test Cases'!C11:C50,A19,'Test Cases'!K11:K50,"Pass") -> 2 | D19: =COUNTIFS('Test Cases'!C11:C50,A19,'Test Cases'!K11:K50,"Fail") -> 1
A20: Responsive Design | B20: =COUNTIF('Test Cases'!C11:C50,A20) -> 3 | C20: =COUNTIFS('Test Cases'!C11:C50,A20,'Test Cases'!K11:K50,"Pass") -> 3 | D20: =COUNTIFS('Test Cases'!C11:C50,A20,'Test Cases'!K11:K50,"Fail") -> 0
A21: Cross-browser Testing | B21: =COUNTIF('Test Cases'!C11:C50,A21) -> 2 | C21: =COUNTIFS('Test Cases'!C11:C50,A21,'Test Cases'!K11:K50,"Pass") -> 1 | D21: =COUNTIFS('Test Cases'!C11:C50,A21,'Test Cases'!K11:K50,"Fail") -> 0
A22: UI Testing | B22: =COUNTIF('Test Cases'!C11:C50,A22) -> 2 | C22: =COUNTIFS('Test Cases'!C11:C50,A22,'Test Cases'!K11:K50,"Pass") -> 1 | D22: =COUNTIFS('Test Cases'!C11:C50,A22,'Test Cases'!K11:K50,"Fail") -> 1
A23: Negative Testing | B23: =COUNTIF('Test Cases'!C11:C50,A23) -> 1 | C23: =COUNTIFS('Test Cases'!C11:C50,A23,'Test Cases'!K11:K50,"Pass") -> 0 | D23: =COUNTIFS('Test Cases'!C11:C50,A23,'Test Cases'!K11:K50,"Fail") -> 0
A24: Broken Links | B24: =COUNTIF('Test Cases'!C11:C50,A24) -> 2 | C24: =COUNTIFS('Test Cases'!C11:C50,A24,'Test Cases'!K11:K50,"Pass") -> 0 | D24: =COUNTIFS('Test Cases'!C11:C50,A24,'Test Cases'!K11:K50,"Fail") -> 2
A25: Accessibility Checks | B25: =COUNTIF('Test Cases'!C11:C50,A25) -> 1 | C25: =COUNTIFS('Test Cases'!C11:C50,A25,'Test Cases'!K11:K50,"Pass") -> 0 | D25: =COUNTIFS('Test Cases'!C11:C50,A25,'Test Cases'!K11:K50,"Fail") -> 1
A26: Performance Observations | B26: =COUNTIF('Test Cases'!C11:C50,A26) -> 1 | C26: =COUNTIFS('Test Cases'!C11:C50,A26,'Test Cases'!K11:K50,"Pass") -> 0 | D26: =COUNTIFS('Test Cases'!C11:C50,A26,'Test Cases'!K11:K50,"Fail") -> 1
