Workbook

Sheet Test Execution Log
A1: PRACTICAL 6 — MANUAL TEST EXECUTION LOG
A2: Execution-Oriented Regression Cycle — Login Module, practice.expandtesting.com
A3: Application Under Test: | D3: Expand Testing Practice Login Page (https://practice.expandtesting.com/login)
A4: Module Scope: | D4: Authentication / Login Module — full regression execution cycle
A5: Test Cycle: | D5: Regression Cycle R1 — Manual Test Execution
A6: Executed By: | D6: Abhishek
A7: Test Environment: | D7: Windows 11, Google Chrome (Latest) — Manual Black Box Testing
A8: Valid Test Credentials: | D8: Username: practice | Password: SuperSecretPassword!
A9: Execution Window: | D9: 28-Jul-2026 to 29-Jul-2026
A11: Test Case ID | B11: Requirement ID | C11: Module | D11: Priority | E11: Severity | F11: Preconditions | G11: Test Data | H11: Steps | I11: Expected Result | J11: Actual Result | K11: Execution Status | L11: Tester | M11: Execution Date | N11: Environment | O11: Remarks
A12: TC_EXEC_01 | B12: REQ_LOGIN_01 | C12: Functional | D12: High | E12: Medium | F12: Application URL is accessible | G12: practice / SuperSecretPassword! | H12: 1. Open Login Page 2. Enter Username 3. Enter Password 4. Click Login 5. Verify successful login | I12: User is redirected to /secure with a success message | J12: User redirected to /secure with 'You logged into a secure area!' message | K12: Pass | L12: Abhishek | M12: 28-Jul-2026 | N12: Windows 11, Google Chrome (Latest) | O12: Baseline case — corresponds to TC_LOGIN_01 in the source Practical 6 artifact
A13: TC_EXEC_02 | B13: REQ_LOGIN_02 | C13: Functional | D13: High | E13: High | F13: Application URL is accessible | G13: wrongUser / SuperSecretPassword! | H13: 1. Open Login Page 2. Enter an invalid username 3. Enter the valid password 4. Click Login 5. Observe message | I13: 'Invalid username.' displayed; user remains on /login | J13: 'Invalid username.' displayed as expected | K13: Pass | L13: Abhishek | M13: 28-Jul-2026 | N13: Windows 11, Google Chrome (Latest) | O13: -
A14: TC_EXEC_03 | B14: REQ_LOGIN_03 | C14: Functional | D14: High | E14: High | F14: Application URL is accessible | G14: practice / WrongPassword | H14: 1. Open Login Page 2. Enter the valid username 3. Enter an incorrect password 4. Click Login 5. Observe message | I14: 'Invalid password.' displayed; user remains on /login | J14: 'Invalid password.' displayed as expected | K14: Pass | L14: Abhishek | M14: 28-Jul-2026 | N14: Windows 11, Google Chrome (Latest) | O14: -
A15: TC_EXEC_04 | B15: REQ_LOGIN_04 | C15: Boundary | D15: Medium | E15: Low | F15: Application URL is accessible | G15: (blank) / SuperSecretPassword! | H15: 1. Leave Username blank 2. Enter the valid password 3. Click Login 4. Observe result | I15: An inline validation cue appears before submission | J15: No inline cue shown; server returns 'Invalid username.' after full round trip | K15: Fail | L15: Abhishek | M15: 28-Jul-2026 | N15: Windows 11, Google Chrome (Latest) | O15: Linked to BUG-001 (Practical 5); recurring, no fix deployed yet
A16: TC_EXEC_05 | B16: REQ_LOGIN_04 | C16: Boundary | D16: Medium | E16: Low | F16: Application URL is accessible | G16: practice / (blank) | H16: 1. Enter the valid username 2. Leave Password blank 3. Click Login 4. Observe result | I16: An inline validation cue appears before submission | J16: No inline cue shown; server returns 'Invalid password.' after full round trip | K16: Fail | L16: Abhishek | M16: 28-Jul-2026 | N16: Windows 11, Google Chrome (Latest) | O16: Linked to BUG-001 (Practical 5); same root cause as TC_EXEC_04
A17: TC_EXEC_06 | B17: REQ_LOGIN_04 | C17: Boundary | D17: Low | E17: Low | F17: Application URL is accessible | G17: (blank) / (blank) | H17: 1. Leave both fields blank 2. Click Login 3. Observe result | I17: Login rejected gracefully with no unhandled exception | J17: Rejected with 'Invalid username.'; no application error | K17: Pass | L17: Abhishek | M17: 28-Jul-2026 | N17: Windows 11, Google Chrome (Latest) | O17: Server-side handling itself is correct; only the inline-validation gap (BUG-001) is open
A18: TC_EXEC_07 | B18: REQ_LOGIN_05 | C18: Boundary | D18: Medium | E18: Low | F18: Application URL is accessible | G18: 300-character string / SuperSecretPassword! | H18: 1. Enter a 300-character string into Username 2. Enter the valid password 3. Click Login 4. Inspect Username field for a maxlength attribute | I18: Field enforces a reasonable maxlength or rejects gracefully | J18: No maxlength attribute present; rejected gracefully as 'Invalid username.' | K18: Fail | L18: Abhishek | M18: 28-Jul-2026 | N18: Windows 11, Google Chrome (Latest) | O18: Linked to BUG-005 (Practical 5); recurring since Practical 2 (BUG-LOGIN-01) — third consecutive cycle observed
A19: TC_EXEC_08 | B19: REQ_LOGIN_06 | C19: Negative | D19: Medium | E19: Medium | F19: Application URL is accessible | G19: prac!@#$%^&*() / SuperSecretPassword! | H19: 1. Enter a username with special characters 2. Enter the valid password 3. Click Login 4. Observe result | I19: Login rejected gracefully; no crash | J19: Rejected with 'Invalid username.'; no crash observed | K19: Pass | L19: Abhishek | M19: 28-Jul-2026 | N19: Windows 11, Google Chrome (Latest) | O19: -
A20: TC_EXEC_09 | B20: REQ_LOGIN_07 | C20: Security | D20: High | E20: Critical | F20: Application URL is accessible | G20: ' OR '1'='1 / SuperSecretPassword! | H20: 1. Enter a safe SQL-injection-style string into Username 2. Click Login 3. Observe whether authentication is bypassed | I20: No authentication bypass; payload treated as literal text | J20: Rejected with 'Invalid username.'; no bypass observed | K20: Pass | L20: Abhishek | M20: 28-Jul-2026 | N20: Windows 11, Google Chrome (Latest) | O20: Syntax-only input; no exploitation attempted
A21: TC_EXEC_10 | B21: REQ_LOGIN_08 | C21: Security | D21: High | E21: High | F21: Application URL is accessible | G21: <script>alert('xss')</script> / SuperSecretPassword! | H21: 1. Enter a script-tag XSS-style string into Username 2. Click Login 3. Observe whether the script executes | I21: No script executes; payload not reflected unescaped | J21: No alert/script execution observed; rejected as 'Invalid username.' | K21: Pass | L21: Abhishek | M21: 28-Jul-2026 | N21: Windows 11, Google Chrome (Latest) | O21: -
A22: TC_EXEC_11 | B22: REQ_LOGIN_09 | C22: UI | D22: Medium | E22: Low | F22: Application URL is accessible | G22: Password: SuperSecretPassword! | H22: 1. Click into Password field 2. Type password 3. Confirm characters mask as dots | I22: Characters mask as typed | J22: Characters masked correctly | K22: Pass | L22: Abhishek | M22: 28-Jul-2026 | N22: Windows 11, Google Chrome (Latest) | O22: -
... A43: TC_EXEC_32 | B43: REQ_LOGIN_25 | C43: Process Integrity | D43: Medium | E43: Low | F43: All test cases in this execution log have been run or dispositioned | G43: TC_EXEC_01–TC_EXEC_31 execution results | H43: 1. Cross-check every Fail-status case against its linked Bug ID 2. Confirm every Blocked/Deferred case has a documented reason and follow-up plan | I43: Full traceability with no undocumented Blocked or Deferred case, and every Fail linked to a known defect | J43: All 6 Fail cases trace to BUG-001–BUG-006 (Practical 5); both Blocked cases and both Deferred cases carry a documented reason and follow-up plan | K43: Pass | L43: Abhishek | M43: 29-Jul-2026 | N43: Windows 11, Google Chrome (Latest) | O43: Execution-log integrity check; confirms this cycle's Test Execution Report is fully grounded

Sheet Execution Summary
A1: PRACTICAL 6 — TEST EXECUTION METRICS
A3: Application: | B3: practice.expandtesting.com/login
A4: Total Test Cases: | B4: =COUNTA('Test Execution Log'!A12:A43) -> 32
A5: Execution Status | B5: Count | C5: % of Total
A6: Pass | B6: =COUNTIF('Test Execution Log'!K12:K43,A6) -> 21 | C6: =IFERROR(B6/$B$4,0) -> 0.65625
A7: Fail | B7: =COUNTIF('Test Execution Log'!K12:K43,A7) -> 7 | C7: =IFERROR(B7/$B$4,0) -> 0.21875
A8: Blocked | B8: =COUNTIF('Test Execution Log'!K12:K43,A8) -> 2 | C8: =IFERROR(B8/$B$4,0) -> 0.0625
A9: Deferred | B9: =COUNTIF('Test Execution Log'!K12:K43,A9) -> 2 | C9: =IFERROR(B9/$B$4,0) -> 0.0625
A10: Not Executed | B10: =COUNTIF('Test Execution Log'!K12:K43,A10) -> 0 | C10: =IFERROR(B10/$B$4,0) -> 0
A11: Pass Rate (of Executed, excl. Blocked/Deferred) | B11: =IFERROR(B6/(B6+B7),0) -> 0.75
A13: Module | B13: Total | C13: Pass | D13: Fail
A14: Functional | B14: =COUNTIF('Test Execution Log'!C12:C43,A14) -> 5 | C14: =COUNTIFS('Test Execution Log'!C12:C43,A14,'Test Execution Log'!K12:K43,"Pass") -> 5 | D14: =COUNTIFS('Test Execution Log'!C12:C43,A14,'Test Execution Log'!K12:K43,"Fail") -> 0
A15: Boundary | B15: =COUNTIF('Test Execution Log'!C12:C43,A15) -> 4 | C15: =COUNTIFS('Test Execution Log'!C12:C43,A15,'Test Execution Log'!K12:K43,"Pass") -> 1 | D15: =COUNTIFS('Test Execution Log'!C12:C43,A15,'Test Execution Log'!K12:K43,"Fail") -> 3
A16: Negative | B16: =COUNTIF('Test Execution Log'!C12:C43,A16) -> 1 | C16: =COUNTIFS('Test Execution Log'!C12:C43,A16,'Test Execution Log'!K12:K43,"Pass") -> 1 | D16: =COUNTIFS('Test Execution Log'!C12:C43,A16,'Test Execution Log'!K12:K43,"Fail") -> 0
A17: Security | B17: =COUNTIF('Test Execution Log'!C12:C43,A17) -> 5 | C17: =COUNTIFS('Test Execution Log'!C12:C43,A17,'Test Execution Log'!K12:K43,"Pass") -> 3 | D17: =COUNTIFS('Test Execution Log'!C12:C43,A17,'Test Execution Log'!K12:K43,"Fail") -> 1
A18: UI | B18: =COUNTIF('Test Execution Log'!C12:C43,A18) -> 2 | C18: =COUNTIFS('Test Execution Log'!C12:C43,A18,'Test Execution Log'!K12:K43,"Pass") -> 1 | D18: =COUNTIFS('Test Execution Log'!C12:C43,A18,'Test Execution Log'!K12:K43,"Fail") -> 1
A19: Navigation | B19: =COUNTIF('Test Execution Log'!C12:C43,A19) -> 2 | C19: =COUNTIFS('Test Execution Log'!C12:C43,A19,'Test Execution Log'!K12:K43,"Pass") -> 1 | D19: =COUNTIFS('Test Execution Log'!C12:C43,A19,'Test Execution Log'!K12:K43,"Fail") -> 1
A20: Session | B20: =COUNTIF('Test Execution Log'!C12:C43,A20) -> 2 | C20: =COUNTIFS('Test Execution Log'!C12:C43,A20,'Test Execution Log'!K12:K43,"Pass") -> 2 | D20: =COUNTIFS('Test Execution Log'!C12:C43,A20,'Test Execution Log'!K12:K43,"Fail") -> 0
A21: Access Control | B21: =COUNTIF('Test Execution Log'!C12:C43,A21) -> 1 | C21: =COUNTIFS('Test Execution Log'!C12:C43,A21,'Test Execution Log'!K12:K43,"Pass") -> 1 | D21: =COUNTIFS('Test Execution Log'!C12:C43,A21,'Test Execution Log'!K12:K43,"Fail") -> 0
A22: Responsive | B22: =COUNTIF('Test Execution Log'!C12:C43,A22) -> 2 | C22: =COUNTIFS('Test Execution Log'!C12:C43,A22,'Test Execution Log'!K12:K43,"Pass") -> 1 | D22: =COUNTIFS('Test Execution Log'!C12:C43,A22,'Test Execution Log'!K12:K43,"Fail") -> 1
A23: Compatibility | B23: =COUNTIF('Test Execution Log'!C12:C43,A23) -> 2 | C23: =COUNTIFS('Test Execution Log'!C12:C43,A23,'Test Execution Log'!K12:K43,"Pass") -> 1 | D23: =COUNTIFS('Test Execution Log'!C12:C43,A23,'Test Execution Log'!K12:K43,"Fail") -> 0
A24: Error Handling | B24: =COUNTIF('Test Execution Log'!C12:C43,A24) -> 1 | C24: =COUNTIFS('Test Execution Log'!C12:C43,A24,'Test Execution Log'!K12:K43,"Pass") -> 1 | D24: =COUNTIFS('Test Execution Log'!C12:C43,A24,'Test Execution Log'!K12:K43,"Fail") -> 0
A25: Accessibility | B25: =COUNTIF('Test Execution Log'!C12:C43,A25) -> 2 | C25: =COUNTIFS('Test Execution Log'!C12:C43,A25,'Test Execution Log'!K12:K43,"Pass") -> 1 | D25: =COUNTIFS('Test Execution Log'!C12:C43,A25,'Test Execution Log'!K12:K43,"Fail") -> 0
A26: Performance | B26: =COUNTIF('Test Execution Log'!C12:C43,A26) -> 2 | C26: =COUNTIFS('Test Execution Log'!C12:C43,A26,'Test Execution Log'!K12:K43,"Pass") -> 1 | D26: =COUNTIFS('Test Execution Log'!C12:C43,A26,'Test Execution Log'!K12:K43,"Fail") -> 0
A27: Process Integrity | B27: =COUNTIF('Test Execution Log'!C12:C43,A27) -> 1 | C27: =COUNTIFS('Test Execution Log'!C12:C43,A27,'Test Execution Log'!K12:K43,"Pass") -> 1 | D27: =COUNTIFS('Test Execution Log'!C12:C43,A27,'Test Execution Log'!K12:K43,"Fail") -> 0
